goal,days,time,load,plan,trim,addon,v1,v2
g_strength,d2,t1,l1,HEAVY-2,,,MIX-2,KEEP-2L
g_strength,d2,t1,l2,HEAVY-2,,,MIX-2,KEEP-2L
g_strength,d2,t1,l3,HEAVY-2,,,MIX-2,KEEP-2L
g_strength,d2,t2,l1,HEAVY-2,,15,MIX-2,KEEP-2L
g_strength,d2,t2,l2,HEAVY-2,,15,MIX-2,KEEP-2L
g_strength,d2,t2,l3,HEAVY-2,,,MIX-2,KEEP-2L
g_strength,d2,t3,l1,HEAVY-2,,30,MIX-2,KEEP-2L
g_strength,d2,t3,l2,HEAVY-2,,30,MIX-2,KEEP-2L
g_strength,d2,t3,l3,HEAVY-2,,,MIX-2,KEEP-2L
g_strength,d2,t4,l1,HEAVY-2,,30,MIX-2,KEEP-2L
g_strength,d2,t4,l2,HEAVY-2,,30,MIX-2,KEEP-2L
g_strength,d2,t4,l3,HEAVY-2,,,MIX-2,KEEP-2L
g_strength,d3,t1,l1,HEAVY-3,,,MIX-3,HEAVY-2
g_strength,d3,t1,l2,HEAVY-3,,,MIX-3,HEAVY-2
g_strength,d3,t1,l3,HEAVY-3,,,MIX-3,HEAVY-2
g_strength,d3,t2,l1,HEAVY-3,,15,MIX-3,HEAVY-2
g_strength,d3,t2,l2,HEAVY-3,,15,MIX-3,HEAVY-2
g_strength,d3,t2,l3,HEAVY-3,,,MIX-3,HEAVY-2
g_strength,d3,t3,l1,HEAVY-3,,30,MIX-3,HEAVY-2
g_strength,d3,t3,l2,HEAVY-3,,30,MIX-3,HEAVY-2
g_strength,d3,t3,l3,HEAVY-3,,,MIX-3,HEAVY-2
g_strength,d3,t4,l1,HEAVY-3,,30,MIX-3,HEAVY-2
g_strength,d3,t4,l2,HEAVY-3,,30,MIX-3,HEAVY-2
g_strength,d3,t4,l3,HEAVY-3,,,MIX-3,HEAVY-2
g_strength,d4,t1,l1,HEAVY-4,60,,MIX-3,HEAVY-3
g_strength,d4,t1,l2,HEAVY-4,60,,MIX-3,HEAVY-3
g_strength,d4,t1,l3,HEAVY-3,,,MIX-3,HEAVY-2
g_strength,d4,t2,l1,HEAVY-4,,,MIX-4,HEAVY-3
g_strength,d4,t2,l2,HEAVY-4,,,MIX-4,HEAVY-3
g_strength,d4,t2,l3,HEAVY-3,,,MIX-3,HEAVY-2
g_strength,d4,t3,l1,HEAVY-4,,15,MIX-4,HEAVY-3
g_strength,d4,t3,l2,HEAVY-4,,15,MIX-4,HEAVY-3
g_strength,d4,t3,l3,HEAVY-3,,,MIX-3,HEAVY-2
g_strength,d4,t4,l1,HEAVY-4,,30,MIX-4,HEAVY-3
g_strength,d4,t4,l2,HEAVY-4,,30,MIX-4,HEAVY-3
g_strength,d4,t4,l3,HEAVY-3,,,MIX-3,HEAVY-2
g_strength,d5,t1,l1,HEAVY-5,60,,MIX-5,HEAVY-4
g_strength,d5,t1,l2,HEAVY-5,60,,MIX-5,HEAVY-4
g_strength,d5,t1,l3,HEAVY-3,,,MIX-3,HEAVY-2
g_strength,d5,t2,l1,HEAVY-5,,,MIX-5,HEAVY-4
g_strength,d5,t2,l2,HEAVY-5,,,MIX-5,HEAVY-4
g_strength,d5,t2,l3,HEAVY-3,,,MIX-3,HEAVY-2
g_strength,d5,t3,l1,HEAVY-5,,15,MIX-5,HEAVY-4
g_strength,d5,t3,l2,HEAVY-5,,15,MIX-5,HEAVY-4
g_strength,d5,t3,l3,HEAVY-3,,,MIX-3,HEAVY-2
g_strength,d5,t4,l1,HEAVY-5XL,,,MIX-5XL,HEAVY-5
g_strength,d5,t4,l2,HEAVY-5XL,,,MIX-5XL,HEAVY-5
g_strength,d5,t4,l3,HEAVY-3,,,MIX-3,HEAVY-2
g_size,d2,t1,l1,SIZE-2,,,MIX-2,START-2
g_size,d2,t1,l2,SIZE-2,,,MIX-2,START-2
g_size,d2,t1,l3,SIZE-2,,,MIX-2,START-2
g_size,d2,t2,l1,SIZE-2,,15,MIX-2,START-2
g_size,d2,t2,l2,SIZE-2,,15,MIX-2,START-2
g_size,d2,t2,l3,SIZE-2,,,MIX-2,START-2
g_size,d2,t3,l1,SIZE-2,,30,MIX-2,START-2
g_size,d2,t3,l2,SIZE-2,,30,MIX-2,START-2
g_size,d2,t3,l3,SIZE-2,,,MIX-2,START-2
g_size,d2,t4,l1,SIZE-2,,30,MIX-2,START-2
g_size,d2,t4,l2,SIZE-2,,30,MIX-2,START-2
g_size,d2,t4,l3,SIZE-2,,,MIX-2,START-2
g_size,d3,t1,l1,SIZE-3,,,MIX-3,SIZE-2
g_size,d3,t1,l2,SIZE-3,,,MIX-3,SIZE-2
g_size,d3,t1,l3,SIZE-3,,,MIX-3,SIZE-2
g_size,d3,t2,l1,SIZE-3,,15,MIX-3,SIZE-2
g_size,d3,t2,l2,SIZE-3,,15,MIX-3,SIZE-2
g_size,d3,t2,l3,SIZE-3,,,MIX-3,SIZE-2
g_size,d3,t3,l1,SIZE-3,,30,MIX-3,SIZE-2
g_size,d3,t3,l2,SIZE-3,,30,MIX-3,SIZE-2
g_size,d3,t3,l3,SIZE-3,,,MIX-3,SIZE-2
g_size,d3,t4,l1,SIZE-3,,30,MIX-3,SIZE-2
g_size,d3,t4,l2,SIZE-3,,30,MIX-3,SIZE-2
g_size,d3,t4,l3,SIZE-3,,,MIX-3,SIZE-2
g_size,d4,t1,l1,SIZE-3,,,MIX-3,SIZE-2
g_size,d4,t1,l2,SIZE-3,,,MIX-3,SIZE-2
g_size,d4,t1,l3,SIZE-3,,,MIX-3,SIZE-2
g_size,d4,t2,l1,SIZE-4,,,MIX-4,SIZE-3
g_size,d4,t2,l2,SIZE-4,,,MIX-4,SIZE-3
g_size,d4,t2,l3,SIZE-3,,,MIX-3,SIZE-2
g_size,d4,t3,l1,SIZE-4,,15,MIX-4,SIZE-3
g_size,d4,t3,l2,SIZE-4,,15,MIX-4,SIZE-3
g_size,d4,t3,l3,SIZE-3,,,MIX-3,SIZE-2
g_size,d4,t4,l1,SIZE-4,,30,MIX-4,SIZE-3
g_size,d4,t4,l2,SIZE-4,,30,MIX-4,SIZE-3
g_size,d4,t4,l3,SIZE-3,,,MIX-3,SIZE-2
g_size,d5,t1,l1,SIZE-5,60,,MIX-5,SIZE-3
g_size,d5,t1,l2,SIZE-5,60,,MIX-5,SIZE-3
g_size,d5,t1,l3,SIZE-3,,,MIX-3,SIZE-2
g_size,d5,t2,l1,SIZE-5,,,MIX-5,SIZE-4
g_size,d5,t2,l2,SIZE-5,,,MIX-5,SIZE-4
g_size,d5,t2,l3,SIZE-3,,,MIX-3,SIZE-2
g_size,d5,t3,l1,SIZE-5,,15,MIX-5,SIZE-4
g_size,d5,t3,l2,SIZE-5,,15,MIX-5,SIZE-4
g_size,d5,t3,l3,SIZE-3,,,MIX-3,SIZE-2
g_size,d5,t4,l1,SIZE-5XL,,,MIX-5XL,SIZE-5
g_size,d5,t4,l2,SIZE-5XL,,,MIX-5XL,SIZE-5
g_size,d5,t4,l3,SIZE-3,,,MIX-3,SIZE-2
g_both,d2,t1,l1,MIX-2,,,HEAVY-2,SIZE-2
g_both,d2,t1,l2,MIX-2,,,HEAVY-2,SIZE-2
g_both,d2,t1,l3,MIX-2,,,HEAVY-2,SIZE-2
g_both,d2,t2,l1,MIX-2,,15,HEAVY-2,SIZE-2
g_both,d2,t2,l2,MIX-2,,15,HEAVY-2,SIZE-2
g_both,d2,t2,l3,MIX-2,,,HEAVY-2,SIZE-2
g_both,d2,t3,l1,MIX-2,,30,HEAVY-2,SIZE-2
g_both,d2,t3,l2,MIX-2,,30,HEAVY-2,SIZE-2
g_both,d2,t3,l3,MIX-2,,,HEAVY-2,SIZE-2
g_both,d2,t4,l1,MIX-2,,30,HEAVY-2,SIZE-2
g_both,d2,t4,l2,MIX-2,,30,HEAVY-2,SIZE-2
g_both,d2,t4,l3,MIX-2,,,HEAVY-2,SIZE-2
g_both,d3,t1,l1,MIX-3,,,HEAVY-3,SIZE-3
g_both,d3,t1,l2,MIX-3,,,HEAVY-3,SIZE-3
g_both,d3,t1,l3,MIX-3,,,HEAVY-3,SIZE-3
g_both,d3,t2,l1,MIX-3,,15,HEAVY-3,SIZE-3
g_both,d3,t2,l2,MIX-3,,15,HEAVY-3,SIZE-3
g_both,d3,t2,l3,MIX-3,,,HEAVY-3,SIZE-3
g_both,d3,t3,l1,MIX-3,,30,HEAVY-3,SIZE-3
g_both,d3,t3,l2,MIX-3,,30,HEAVY-3,SIZE-3
g_both,d3,t3,l3,MIX-3,,,HEAVY-3,SIZE-3
g_both,d3,t4,l1,MIX-3,,30,HEAVY-3,SIZE-3
g_both,d3,t4,l2,MIX-3,,30,HEAVY-3,SIZE-3
g_both,d3,t4,l3,MIX-3,,,HEAVY-3,SIZE-3
g_both,d4,t1,l1,MIX-3,,,HEAVY-4,SIZE-3
g_both,d4,t1,l2,MIX-3,,,HEAVY-4,SIZE-3
g_both,d4,t1,l3,MIX-3,,,HEAVY-3,SIZE-3
g_both,d4,t2,l1,MIX-4,,,HEAVY-4,SIZE-4
g_both,d4,t2,l2,MIX-4,,,HEAVY-4,SIZE-4
g_both,d4,t2,l3,MIX-3,,,HEAVY-3,SIZE-3
g_both,d4,t3,l1,MIX-4,,15,HEAVY-4,SIZE-4
g_both,d4,t3,l2,MIX-4,,15,HEAVY-4,SIZE-4
g_both,d4,t3,l3,MIX-3,,,HEAVY-3,SIZE-3
g_both,d4,t4,l1,MIX-4,,30,HEAVY-4,SIZE-4
g_both,d4,t4,l2,MIX-4,,30,HEAVY-4,SIZE-4
g_both,d4,t4,l3,MIX-3,,,HEAVY-3,SIZE-3
g_both,d5,t1,l1,MIX-5,60,,HEAVY-5,SIZE-5
g_both,d5,t1,l2,MIX-5,60,,HEAVY-5,SIZE-5
g_both,d5,t1,l3,MIX-3,,,HEAVY-3,SIZE-3
g_both,d5,t2,l1,MIX-5,,,HEAVY-5,SIZE-5
g_both,d5,t2,l2,MIX-5,,,HEAVY-5,SIZE-5
g_both,d5,t2,l3,MIX-3,,,HEAVY-3,SIZE-3
g_both,d5,t3,l1,MIX-5,,15,HEAVY-5,SIZE-5
g_both,d5,t3,l2,MIX-5,,15,HEAVY-5,SIZE-5
g_both,d5,t3,l3,MIX-3,,,HEAVY-3,SIZE-3
g_both,d5,t4,l1,MIX-5XL,,,HEAVY-5XL,SIZE-5XL
g_both,d5,t4,l2,MIX-5XL,,,HEAVY-5XL,SIZE-5XL
g_both,d5,t4,l3,MIX-3,,,HEAVY-3,SIZE-3
g_new,d2,t1,l1,START-2,,,SIZE-2,MIX-2
g_new,d2,t1,l2,START-2,,,SIZE-2,MIX-2
g_new,d2,t1,l3,START-2,,,SIZE-2,MIX-2
g_new,d2,t2,l1,START-2,,15,SIZE-2,MIX-2
g_new,d2,t2,l2,START-2,,15,SIZE-2,MIX-2
g_new,d2,t2,l3,START-2,,,SIZE-2,MIX-2
g_new,d2,t3,l1,START-2,,30,SIZE-2,MIX-2
g_new,d2,t3,l2,START-2,,30,SIZE-2,MIX-2
g_new,d2,t3,l3,START-2,,,SIZE-2,MIX-2
g_new,d2,t4,l1,START-2,,30,SIZE-2,MIX-2
g_new,d2,t4,l2,START-2,,30,SIZE-2,MIX-2
g_new,d2,t4,l3,START-2,,,SIZE-2,MIX-2
g_new,d3,t1,l1,START-3,,,START-2,SIZE-3
g_new,d3,t1,l2,START-3,,,START-2,SIZE-3
g_new,d3,t1,l3,START-3,,,START-2,SIZE-3
g_new,d3,t2,l1,START-3L,,,START-3,SIZE-3
g_new,d3,t2,l2,START-3L,,,START-3,SIZE-3
g_new,d3,t2,l3,START-3L,,,START-3,SIZE-3
g_new,d3,t3,l1,START-3L,,15,START-3,SIZE-3
g_new,d3,t3,l2,START-3L,,15,START-3,SIZE-3
g_new,d3,t3,l3,START-3L,,,START-3,SIZE-3
g_new,d3,t4,l1,START-3L,,30,START-3,SIZE-3
g_new,d3,t4,l2,START-3L,,30,START-3,SIZE-3
g_new,d3,t4,l3,START-3L,,,START-3,SIZE-3
g_new,d4,t1,l1,START-4,60,,START-3,SIZE-3
g_new,d4,t1,l2,START-4,60,,START-3,SIZE-3
g_new,d4,t1,l3,START-3,,,START-2,SIZE-3
g_new,d4,t2,l1,START-4,,,START-3L,SIZE-4
g_new,d4,t2,l2,START-4,,,START-3L,SIZE-4
g_new,d4,t2,l3,START-3L,,,START-3,SIZE-3
g_new,d4,t3,l1,START-4L,,,START-4,SIZE-4
g_new,d4,t3,l2,START-4L,,,START-4,SIZE-4
g_new,d4,t3,l3,START-3L,,,START-3,SIZE-3
g_new,d4,t4,l1,START-4L,,30,START-4,SIZE-4
g_new,d4,t4,l2,START-4L,,30,START-4,SIZE-4
g_new,d4,t4,l3,START-3L,,,START-3,SIZE-3
g_new,d5,t1,l1,START-4,60,,START-3,SIZE-5
g_new,d5,t1,l2,START-4,60,,START-3,SIZE-5
g_new,d5,t1,l3,START-3,,,START-2,SIZE-3
g_new,d5,t2,l1,START-4,,,START-3L,SIZE-5
g_new,d5,t2,l2,START-4,,,START-3L,SIZE-5
g_new,d5,t2,l3,START-3L,,,START-3,SIZE-3
g_new,d5,t3,l1,START-4L,,,START-4,SIZE-5
g_new,d5,t3,l2,START-4L,,,START-4,SIZE-5
g_new,d5,t3,l3,START-3L,,,START-3,SIZE-3
g_new,d5,t4,l1,START-4L,,30,START-4,SIZE-5XL
g_new,d5,t4,l2,START-4L,,30,START-4,SIZE-5XL
g_new,d5,t4,l3,START-3L,,,START-3,SIZE-3
g_keep,d2,t1,l1,KEEP-2L,,,KEEP-2,MIX-2
g_keep,d2,t1,l2,KEEP-2L,,,KEEP-2,MIX-2
g_keep,d2,t1,l3,KEEP-2L,,,KEEP-2,MIX-2
g_keep,d2,t2,l1,KEEP-2L,,,KEEP-2,MIX-2
g_keep,d2,t2,l2,KEEP-2L,,,KEEP-2,MIX-2
g_keep,d2,t2,l3,KEEP-2L,,,KEEP-2,MIX-2
g_keep,d2,t3,l1,KEEP-2L,,,KEEP-2,MIX-2
g_keep,d2,t3,l2,KEEP-2L,,,KEEP-2,MIX-2
g_keep,d2,t3,l3,KEEP-2L,,,KEEP-2,MIX-2
g_keep,d2,t4,l1,KEEP-2L,,,KEEP-2,MIX-2
g_keep,d2,t4,l2,KEEP-2L,,,KEEP-2,MIX-2
g_keep,d2,t4,l3,KEEP-2L,,,KEEP-2,MIX-2
g_keep,d3,t1,l1,KEEP-3L,,,KEEP-3,KEEP-2L
g_keep,d3,t1,l2,KEEP-3L,,,KEEP-3,KEEP-2L
g_keep,d3,t1,l3,KEEP-3L,,,KEEP-3,KEEP-2L
g_keep,d3,t2,l1,KEEP-3L,,,KEEP-3,KEEP-2L
g_keep,d3,t2,l2,KEEP-3L,,,KEEP-3,KEEP-2L
g_keep,d3,t2,l3,KEEP-3L,,,KEEP-3,KEEP-2L
g_keep,d3,t3,l1,KEEP-3L,,,KEEP-3,KEEP-2L
g_keep,d3,t3,l2,KEEP-3L,,,KEEP-3,KEEP-2L
g_keep,d3,t3,l3,KEEP-3L,,,KEEP-3,KEEP-2L
g_keep,d3,t4,l1,KEEP-3L,,,KEEP-3,KEEP-2L
g_keep,d3,t4,l2,KEEP-3L,,,KEEP-3,KEEP-2L
g_keep,d3,t4,l3,KEEP-3L,,,KEEP-3,KEEP-2L
g_keep,d4,t1,l1,KEEP-4,,,KEEP-3L,KEEP-3
g_keep,d4,t1,l2,KEEP-4,,,KEEP-3L,KEEP-3
g_keep,d4,t1,l3,KEEP-3L,,,KEEP-3,KEEP-2L
g_keep,d4,t2,l1,KEEP-4,,,KEEP-3L,KEEP-3
g_keep,d4,t2,l2,KEEP-4,,,KEEP-3L,KEEP-3
g_keep,d4,t2,l3,KEEP-3L,,,KEEP-3,KEEP-2L
g_keep,d4,t3,l1,KEEP-4,,,KEEP-3L,KEEP-3
g_keep,d4,t3,l2,KEEP-4,,,KEEP-3L,KEEP-3
g_keep,d4,t3,l3,KEEP-3L,,,KEEP-3,KEEP-2L
g_keep,d4,t4,l1,KEEP-4,,,KEEP-3L,KEEP-3
g_keep,d4,t4,l2,KEEP-4,,,KEEP-3L,KEEP-3
g_keep,d4,t4,l3,KEEP-3L,,,KEEP-3,KEEP-2L
g_keep,d5,t1,l1,KEEP-4,,,KEEP-3L,KEEP-3
g_keep,d5,t1,l2,KEEP-4,,,KEEP-3L,KEEP-3
g_keep,d5,t1,l3,KEEP-3L,,,KEEP-3,KEEP-2L
g_keep,d5,t2,l1,KEEP-4,,,KEEP-3L,KEEP-3
g_keep,d5,t2,l2,KEEP-4,,,KEEP-3L,KEEP-3
g_keep,d5,t2,l3,KEEP-3L,,,KEEP-3,KEEP-2L
g_keep,d5,t3,l1,KEEP-4,,,KEEP-3L,KEEP-3
g_keep,d5,t3,l2,KEEP-4,,,KEEP-3L,KEEP-3
g_keep,d5,t3,l3,KEEP-3L,,,KEEP-3,KEEP-2L
g_keep,d5,t4,l1,KEEP-4,,,KEEP-3L,KEEP-3
g_keep,d5,t4,l2,KEEP-4,,,KEEP-3L,KEEP-3
g_keep,d5,t4,l3,KEEP-3L,,,KEEP-3,KEEP-2L
